transactionID,amount,timestamp,device,currency,location
T:1,2428.51,2022-11-13T00:00:00,D:291,JPY,LA
T:2,1108.61,2004-11-25T00:00:00,D:424,USD,NYC
T:3,464.53,2025-07-17T00:00:00,D:337,GBP,Miami
T:4,1740.34,2025-05-03T00:00:00,D:261,USD,LA
T:5,597.68,2011-03-17T00:00:00,D:290,EUR,LA
T:6,2198.79,2013-09-13T00:00:00,D:537,USD,Chicago
T:7,390.82,2012-09-24T00:00:00,D:126,JPY,LA
T:8,1084.06,2003-04-19T00:00:00,D:80,GBP,Miami
T:9,4385.75,2002-05-23T00:00:00,D:542,JPY,Miami
T:10,1498.75,2017-01-24T00:00:00,D:320,EUR,Chicago
T:11,2076.17,2015-02-05T00:00:00,D:319,EUR,NYC
T:12,3027.8,2016-09-14T00:00:00,D:269,USD,NYC
T:13,275.6,2013-09-06T00:00:00,D:281,GBP,Chicago
T:14,4937.83,2018-09-05T00:00:00,D:27,JPY,Chicago
T:15,4966.72,2003-10-19T00:00:00,D:251,EUR,Chicago
T:16,2251.1,2020-05-08T00:00:00,D:135,GBP,LA
T:17,768.16,2023-07-23T00:00:00,D:472,JPY,Chicago
T:18,2473.91,2006-04-26T00:00:00,D:156,JPY,Chicago
T:19,4249.65,2017-10-26T00:00:00,D:275,EUR,Chicago
T:20,2159.37,2019-03-11T00:00:00,D:265,EUR,Chicago
T:21,4836.06,2000-12-07T00:00:00,D:450,JPY,NYC
T:22,934.66,2018-03-25T00:00:00,D:189,GBP,Chicago
T:23,2034.04,2007-03-14T00:00:00,D:531,JPY,LA
T:24,376.7,2021-08-22T00:00:00,D:61,GBP,Miami
T:25,157.42,2023-02-06T00:00:00,D:339,EUR,Miami
T:26,4733.42,2000-01-27T00:00:00,D:376,GBP,Miami
T:27,1133.02,2005-08-30T00:00:00,D:508,JPY,NYC
T:28,3738.0,2016-08-04T00:00:00,D:9,EUR,Chicago
T:29,4540.18,2018-02-28T00:00:00,D:539,EUR,NYC
T:30,28.47,2006-02-12T00:00:00,D:449,USD,Chicago
T:31,1976.65,2010-04-20T00:00:00,D:158,EUR,NYC
T:32,624.5,2016-05-23T00:00:00,D:589,GBP,Chicago
T:33,224.46,2021-04-18T00:00:00,D:78,EUR,Miami
T:34,3022.53,2021-07-24T00:00:00,D:325,GBP,LA
T:35,3825.86,2014-12-03T00:00:00,D:5,GBP,NYC
T:36,4788.92,2002-02-27T00:00:00,D:194,USD,Chicago
T:37,1345.12,2002-04-24T00:00:00,D:222,USD,NYC
T:38,4905.74,2011-03-10T00:00:00,D:394,JPY,NYC
T:39,3944.92,2008-01-18T00:00:00,D:201,GBP,Miami
T:40,3860.21,2010-10-19T00:00:00,D:298,EUR,NYC
T:41,1657.26,2020-12-02T00:00:00,D:69,GBP,LA
T:42,3958.21,2025-06-02T00:00:00,D:327,USD,NYC
T:43,4576.21,2025-06-09T00:00:00,D:339,GBP,NYC
T:44,1433.84,2002-04-08T00:00:00,D:179,JPY,NYC
T:45,3294.04,2005-10-08T00:00:00,D:435,EUR,NYC
T:46,1945.05,2011-08-17T00:00:00,D:392,EUR,Chicago
T:47,4461.72,2022-10-28T00:00:00,D:598,GBP,Miami
T:48,4434.5,2008-02-08T00:00:00,D:99,USD,NYC
T:49,489.05,2011-05-27T00:00:00,D:553,GBP,Miami
T:50,4110.67,2021-10-24T00:00:00,D:201,EUR,NYC
T:51,3707.98,2001-07-14T00:00:00,D:226,GBP,NYC
T:52,4105.2,2019-11-10T00:00:00,D:312,GBP,Miami
T:53,4452.21,2018-09-25T00:00:00,D:71,USD,Chicago
T:54,4727.51,2001-12-11T00:00:00,D:66,USD,NYC
T:55,1238.31,2020-04-06T00:00:00,D:196,GBP,LA
T:56,202.76,2019-03-16T00:00:00,D:44,GBP,NYC
T:57,1901.75,2020-07-13T00:00:00,D:52,JPY,NYC
T:58,2696.58,2021-01-15T00:00:00,D:107,EUR,Miami
T:59,3116.4,2012-08-06T00:00:00,D:387,JPY,Chicago
T:60,3874.78,2014-07-05T00:00:00,D:284,GBP,Chicago
T:61,4254.37,2009-05-02T00:00:00,D:555,JPY,NYC
T:62,4109.98,2014-10-04T00:00:00,D:66,JPY,NYC
T:63,3685.55,2011-01-03T00:00:00,D:561,JPY,Chicago
T:64,2716.88,2017-10-03T00:00:00,D:241,JPY,LA
T:65,3467.64,2012-01-03T00:00:00,D:259,GBP,NYC
T:66,2187.15,2010-02-19T00:00:00,D:67,USD,Chicago
T:67,1797.93,2012-03-21T00:00:00,D:269,USD,Chicago
T:68,2623.33,2025-11-30T00:00:00,D:520,JPY,LA
T:69,1953.62,2004-05-12T00:00:00,D:588,EUR,NYC
T:70,4171.23,2016-12-06T00:00:00,D:543,JPY,Miami
T:71,970.75,2010-07-27T00:00:00,D:80,JPY,Miami
T:72,1511.77,2022-10-01T00:00:00,D:306,EUR,Chicago
T:73,4272.73,2025-02-03T00:00:00,D:396,GBP,Miami
T:74,808.59,2022-03-30T00:00:00,D:402,USD,Miami
T:75,3273.47,2008-04-01T00:00:00,D:493,EUR,Miami
T:76,1113.67,2023-04-07T00:00:00,D:214,USD,LA
T:77,2218.65,2015-12-17T00:00:00,D:301,USD,Chicago
T:78,1587.34,2009-12-07T00:00:00,D:495,GBP,NYC
T:79,145.03,2007-05-23T00:00:00,D:371,EUR,Miami
T:80,846.43,2022-06-16T00:00:00,D:275,GBP,Miami
T:81,4449.78,2020-05-26T00:00:00,D:565,GBP,Miami
T:82,1837.31,2001-12-29T00:00:00,D:61,EUR,NYC
T:83,3367.82,2013-08-01T00:00:00,D:71,JPY,Miami
T:84,1264.76,2008-12-14T00:00:00,D:303,USD,Miami
T:85,4800.38,2016-09-09T00:00:00,D:483,GBP,Miami
T:86,311.41,2001-05-17T00:00:00,D:180,EUR,Miami
T:87,310.93,2014-10-23T00:00:00,D:167,GBP,Chicago
T:88,4329.2,2010-05-28T00:00:00,D:142,JPY,Miami
T:89,1462.43,2011-02-23T00:00:00,D:149,JPY,Miami
T:90,2564.33,2000-03-26T00:00:00,D:145,EUR,LA
T:91,3627.66,2025-10-18T00:00:00,D:62,EUR,NYC
T:92,3631.76,2020-04-06T00:00:00,D:330,GBP,LA
T:93,4912.32,2022-07-11T00:00:00,D:545,GBP,Chicago
T:94,551.58,2023-10-12T00:00:00,D:173,EUR,Chicago
T:95,2996.66,2014-02-13T00:00:00,D:161,JPY,NYC
T:96,3993.75,2023-06-08T00:00:00,D:135,EUR,Chicago
T:97,2492.06,2006-08-23T00:00:00,D:362,JPY,Miami
T:98,3424.57,2003-02-27T00:00:00,D:58,EUR,Miami
T:99,419.17,2010-06-16T00:00:00,D:426,USD,Chicago
T:100,4667.12,2001-01-03T00:00:00,D:217,USD,Chicago
T:101,455.49,2009-12-21T00:00:00,D:228,EUR,NYC
T:102,1169.52,2016-10-01T00:00:00,D:213,USD,LA
T:103,2978.79,2017-02-18T00:00:00,D:273,USD,NYC
T:104,4365.75,2010-02-05T00:00:00,D:455,EUR,LA
T:105,3310.16,2021-01-31T00:00:00,D:109,EUR,LA
T:106,4588.45,2025-03-18T00:00:00,D:467,EUR,Chicago
T:107,3250.05,2021-09-05T00:00:00,D:361,USD,Miami
T:108,2733.57,2022-05-01T00:00:00,D:423,JPY,NYC
T:109,2247.23,2015-05-12T00:00:00,D:196,GBP,NYC
T:110,2859.74,2008-03-10T00:00:00,D:9,EUR,Chicago
T:111,4207.03,2005-06-29T00:00:00,D:552,EUR,NYC
T:112,3981.41,2019-05-06T00:00:00,D:561,USD,LA
T:113,2878.74,2006-04-08T00:00:00,D:340,USD,LA
T:114,651.31,2025-12-10T00:00:00,D:563,JPY,NYC
T:115,1467.28,2011-07-08T00:00:00,D:596,GBP,Chicago
T:116,1704.17,2024-03-07T00:00:00,D:598,USD,NYC
T:117,711.81,2014-11-02T00:00:00,D:345,GBP,LA
T:118,2734.97,2024-11-06T00:00:00,D:544,JPY,LA
T:119,135.88,2015-10-31T00:00:00,D:571,EUR,LA
T:120,4824.17,2009-04-28T00:00:00,D:211,GBP,Chicago
T:121,861.95,2006-10-16T00:00:00,D:211,EUR,Miami
T:122,484.49,2015-11-04T00:00:00,D:470,JPY,Miami
T:123,1528.18,2003-03-04T00:00:00,D:273,USD,LA
T:124,2981.27,2015-02-12T00:00:00,D:175,EUR,LA
T:125,4079.53,2002-04-24T00:00:00,D:276,EUR,LA
T:126,1957.92,2022-10-23T00:00:00,D:483,JPY,Miami
T:127,2886.34,2025-04-15T00:00:00,D:117,JPY,LA
T:128,1834.34,2020-04-26T00:00:00,D:167,JPY,NYC
T:129,2295.45,2016-10-19T00:00:00,D:293,USD,Miami
T:130,4005.85,2025-02-02T00:00:00,D:61,USD,NYC
T:131,4710.7,2022-03-10T00:00:00,D:272,USD,LA
T:132,2226.87,2013-06-23T00:00:00,D:304,JPY,Miami
T:133,2877.08,2003-12-07T00:00:00,D:369,USD,LA
T:134,1641.23,2013-07-13T00:00:00,D:133,GBP,NYC
T:135,1126.72,2020-12-15T00:00:00,D:23,EUR,Miami
T:136,2335.04,2005-11-14T00:00:00,D:167,GBP,Miami
T:137,2476.97,2003-08-02T00:00:00,D:401,EUR,Chicago
T:138,274.02,2017-09-18T00:00:00,D:577,USD,Chicago
T:139,3624.09,2020-06-04T00:00:00,D:561,EUR,Miami
T:140,3499.19,2001-03-06T00:00:00,D:410,JPY,Miami
T:141,3867.68,2016-05-13T00:00:00,D:514,EUR,Chicago
T:142,2780.87,2025-12-01T00:00:00,D:535,EUR,Chicago
T:143,1652.05,2023-06-02T00:00:00,D:132,GBP,Miami
T:144,3799.2,2003-09-23T00:00:00,D:568,USD,Chicago
T:145,2538.93,2020-05-29T00:00:00,D:483,USD,Miami
T:146,3696.46,2025-06-02T00:00:00,D:173,USD,Miami
T:147,3142.91,2007-09-21T00:00:00,D:333,USD,Miami
T:148,1837.87,2011-06-12T00:00:00,D:50,EUR,Miami
T:149,1077.67,2023-11-02T00:00:00,D:118,EUR,NYC
T:150,3687.37,2014-02-25T00:00:00,D:252,EUR,LA
T:151,4011.64,2014-11-05T00:00:00,D:310,USD,Miami
T:152,1228.06,2020-06-11T00:00:00,D:546,JPY,Chicago
T:153,2466.2,2017-12-10T00:00:00,D:490,EUR,Miami
T:154,3449.05,2008-07-04T00:00:00,D:340,JPY,Miami
T:155,1613.48,2024-04-04T00:00:00,D:398,GBP,NYC
T:156,618.79,2003-12-12T00:00:00,D:15,JPY,Miami
T:157,1504.84,2007-11-02T00:00:00,D:124,EUR,NYC
T:158,3176.38,2018-01-23T00:00:00,D:292,JPY,NYC
T:159,1186.25,2003-07-31T00:00:00,D:434,USD,Miami
T:160,2354.03,2008-05-16T00:00:00,D:589,JPY,LA
T:161,1552.37,2018-10-25T00:00:00,D:257,EUR,Miami
T:162,2794.7,2003-08-05T00:00:00,D:334,GBP,Chicago
T:163,914.69,2000-06-16T00:00:00,D:105,GBP,NYC
T:164,4072.95,2015-12-16T00:00:00,D:556,GBP,LA
T:165,2382.29,2016-11-16T00:00:00,D:418,EUR,Chicago
T:166,1972.62,2007-08-18T00:00:00,D:195,GBP,Miami
T:167,3395.06,2024-12-13T00:00:00,D:476,JPY,Miami
T:168,1871.16,2015-05-28T00:00:00,D:131,GBP,Chicago
T:169,1668.47,2007-12-06T00:00:00,D:280,EUR,Chicago
T:170,922.01,2003-04-20T00:00:00,D:492,EUR,Miami
T:171,1259.36,2006-06-27T00:00:00,D:403,USD,Chicago
T:172,1006.15,2010-02-28T00:00:00,D:543,EUR,LA
T:173,2525.04,2015-04-15T00:00:00,D:185,EUR,Chicago
T:174,610.91,2013-06-10T00:00:00,D:271,GBP,LA
T:175,803.9,2003-05-20T00:00:00,D:424,USD,Miami
T:176,328.53,2025-12-20T00:00:00,D:341,EUR,LA
T:177,3741.85,2025-10-20T00:00:00,D:20,GBP,LA
T:178,3883.72,2025-07-15T00:00:00,D:148,USD,NYC
T:179,173.97,2020-10-31T00:00:00,D:583,EUR,Miami
T:180,1454.56,2025-07-05T00:00:00,D:339,GBP,NYC
T:181,3823.81,2011-06-30T00:00:00,D:222,GBP,Miami
T:182,820.87,2004-11-09T00:00:00,D:522,GBP,Chicago
T:183,2466.51,2015-11-20T00:00:00,D:474,GBP,Chicago
T:184,3711.06,2002-06-30T00:00:00,D:405,GBP,Chicago
T:185,91.04,2022-01-14T00:00:00,D:84,GBP,Chicago
T:186,337.61,2021-02-07T00:00:00,D:584,EUR,NYC
T:187,3030.4,2021-10-28T00:00:00,D:312,USD,NYC
T:188,74.32,2013-12-05T00:00:00,D:104,GBP,NYC
T:189,1802.34,2005-07-03T00:00:00,D:19,EUR,NYC
T:190,1705.51,2010-12-18T00:00:00,D:364,USD,Chicago
T:191,3677.73,2008-10-03T00:00:00,D:317,USD,LA
T:192,3662.2,2004-10-20T00:00:00,D:535,EUR,Miami
T:193,1098.36,2009-04-01T00:00:00,D:368,JPY,Chicago
T:194,543.16,2009-01-30T00:00:00,D:489,EUR,LA
T:195,817.56,2022-05-26T00:00:00,D:561,GBP,LA
T:196,2633.54,2014-09-27T00:00:00,D:305,JPY,Chicago
T:197,1964.09,2010-02-07T00:00:00,D:231,USD,NYC
T:198,525.72,2009-11-12T00:00:00,D:206,USD,NYC
T:199,3974.35,2012-01-16T00:00:00,D:30,GBP,NYC
T:200,4632.38,2020-07-19T00:00:00,D:304,USD,Chicago
T:201,3207.82,2000-01-07T00:00:00,D:214,GBP,LA
T:202,1103.61,2000-09-03T00:00:00,D:299,USD,NYC
T:203,1089.67,2024-02-28T00:00:00,D:583,EUR,LA
T:204,3627.86,2025-04-15T00:00:00,D:462,JPY,NYC
T:205,3802.79,2006-12-06T00:00:00,D:388,EUR,Chicago
T:206,885.27,2008-09-15T00:00:00,D:245,EUR,Miami
T:207,1939.17,2013-11-27T00:00:00,D:246,GBP,Miami
T:208,595.62,2022-06-22T00:00:00,D:144,USD,NYC
T:209,2444.39,2017-12-21T00:00:00,D:520,USD,Chicago
T:210,132.23,2004-04-10T00:00:00,D:277,JPY,Miami
T:211,1948.62,2014-04-21T00:00:00,D:135,USD,LA
T:212,4246.71,2014-01-27T00:00:00,D:408,GBP,Miami
T:213,4154.43,2003-10-11T00:00:00,D:581,USD,Chicago
T:214,1628.25,2004-04-09T00:00:00,D:406,GBP,LA
T:215,1816.77,2019-02-13T00:00:00,D:197,JPY,NYC
T:216,4754.15,2002-10-04T00:00:00,D:581,JPY,Miami
T:217,3078.04,2000-11-01T00:00:00,D:498,EUR,Miami
T:218,1367.01,2003-09-18T00:00:00,D:324,USD,NYC
T:219,2518.76,2011-05-27T00:00:00,D:263,GBP,Miami
T:220,1228.07,2018-05-14T00:00:00,D:111,EUR,LA
T:221,45.13,2003-02-13T00:00:00,D:411,GBP,LA
T:222,916.13,2003-02-04T00:00:00,D:1,GBP,LA
T:223,2186.58,2016-01-11T00:00:00,D:182,GBP,Miami
T:224,1399.88,2002-02-13T00:00:00,D:67,EUR,NYC
T:225,3161.31,2019-03-18T00:00:00,D:3,USD,Miami
T:226,770.54,2000-05-09T00:00:00,D:391,EUR,Miami
T:227,4476.17,2008-06-28T00:00:00,D:395,USD,NYC
T:228,2172.56,2009-01-21T00:00:00,D:200,GBP,NYC
T:229,4099.23,2017-05-17T00:00:00,D:341,GBP,LA
T:230,4558.07,2021-01-19T00:00:00,D:477,EUR,LA
T:231,856.97,2005-07-01T00:00:00,D:258,EUR,Miami
T:232,3402.75,2002-12-21T00:00:00,D:180,GBP,NYC
T:233,4624.22,2025-09-16T00:00:00,D:64,JPY,LA
T:234,4702.37,2025-04-05T00:00:00,D:257,JPY,LA
T:235,1674.28,2022-08-04T00:00:00,D:251,GBP,Chicago
T:236,1578.79,2000-01-29T00:00:00,D:55,GBP,Miami
T:237,2896.03,2001-03-30T00:00:00,D:426,EUR,Chicago
T:238,4909.0,2022-05-26T00:00:00,D:396,JPY,NYC
T:239,4339.83,2009-03-26T00:00:00,D:241,JPY,LA
T:240,4887.86,2005-06-04T00:00:00,D:597,JPY,NYC
T:241,1738.98,2008-06-04T00:00:00,D:218,USD,Miami
T:242,1993.28,2004-06-18T00:00:00,D:79,GBP,Chicago
T:243,3920.06,2005-01-01T00:00:00,D:22,JPY,Miami
T:244,4130.34,2021-11-01T00:00:00,D:375,USD,Chicago
T:245,1661.01,2013-08-19T00:00:00,D:489,EUR,Chicago
T:246,2315.52,2003-11-30T00:00:00,D:147,GBP,Miami
T:247,2871.93,2016-10-01T00:00:00,D:219,EUR,Miami
T:248,3446.56,2004-07-04T00:00:00,D:556,GBP,LA
T:249,2924.05,2019-08-16T00:00:00,D:38,JPY,Chicago
T:250,378.46,2007-03-01T00:00:00,D:509,JPY,NYC
T:251,309.12,2004-09-27T00:00:00,D:148,JPY,Miami
T:252,3189.71,2003-12-12T00:00:00,D:552,EUR,LA
T:253,3585.04,2009-06-24T00:00:00,D:397,GBP,NYC
T:254,523.24,2012-08-30T00:00:00,D:38,EUR,NYC
T:255,2127.0,2024-06-07T00:00:00,D:363,EUR,Miami
T:256,3281.95,2013-02-16T00:00:00,D:285,JPY,NYC
T:257,3741.92,2023-04-04T00:00:00,D:1,USD,NYC
T:258,1587.94,2008-12-18T00:00:00,D:172,JPY,Miami
T:259,4779.01,2017-07-30T00:00:00,D:175,JPY,Chicago
T:260,2556.64,2011-05-04T00:00:00,D:88,GBP,Chicago
T:261,3410.39,2014-04-22T00:00:00,D:46,EUR,Miami
T:262,519.58,2013-02-13T00:00:00,D:264,GBP,LA
T:263,2674.4,2018-09-23T00:00:00,D:435,EUR,NYC
T:264,3433.89,2011-05-23T00:00:00,D:543,USD,LA
T:265,2995.89,2016-04-16T00:00:00,D:3,EUR,Miami
T:266,1946.86,2024-10-14T00:00:00,D:56,GBP,LA
T:267,493.36,2012-07-15T00:00:00,D:369,JPY,NYC
T:268,2034.94,2024-01-06T00:00:00,D:592,GBP,Chicago
T:269,1817.37,2023-06-22T00:00:00,D:255,JPY,LA
T:270,2821.76,2020-07-23T00:00:00,D:313,EUR,Miami
T:271,3589.67,2019-06-30T00:00:00,D:420,JPY,NYC
T:272,936.68,2000-01-06T00:00:00,D:353,USD,Miami
T:273,4980.67,2017-12-20T00:00:00,D:218,EUR,Chicago
T:274,503.8,2008-03-11T00:00:00,D:115,GBP,NYC
T:275,1060.13,2014-02-13T00:00:00,D:35,EUR,LA
T:276,1706.48,2010-03-02T00:00:00,D:43,USD,Chicago
T:277,1172.85,2002-02-07T00:00:00,D:589,USD,Miami
T:278,1549.91,2006-11-26T00:00:00,D:220,GBP,Miami
T:279,692.31,2017-03-30T00:00:00,D:44,USD,NYC
T:280,1811.96,2005-10-31T00:00:00,D:405,JPY,Miami
T:281,2011.19,2012-10-04T00:00:00,D:280,GBP,LA
T:282,1449.33,2007-12-22T00:00:00,D:71,EUR,NYC
T:283,4593.63,2025-01-26T00:00:00,D:383,JPY,LA
T:284,2002.5,2019-06-24T00:00:00,D:444,USD,Miami
T:285,1932.98,2015-04-16T00:00:00,D:438,USD,Miami
T:286,4881.17,2017-08-05T00:00:00,D:115,EUR,LA
T:287,88.34,2002-01-10T00:00:00,D:377,USD,LA
T:288,1528.38,2018-03-18T00:00:00,D:158,JPY,Chicago
T:289,96.62,2022-06-09T00:00:00,D:257,GBP,NYC
T:290,3369.81,2018-04-01T00:00:00,D:1,JPY,Miami
T:291,3773.48,2010-01-05T00:00:00,D:315,EUR,LA
T:292,4091.08,2022-10-13T00:00:00,D:368,JPY,Miami
T:293,4529.49,2020-10-17T00:00:00,D:310,GBP,NYC
T:294,2380.64,2013-05-01T00:00:00,D:511,GBP,Miami
T:295,1556.66,2008-08-22T00:00:00,D:587,EUR,Miami
T:296,344.55,2002-11-06T00:00:00,D:122,USD,LA
T:297,2836.16,2015-04-05T00:00:00,D:453,JPY,LA
T:298,82.05,2020-11-26T00:00:00,D:130,JPY,LA
T:299,3933.42,2012-06-30T00:00:00,D:514,USD,NYC
T:300,536.51,2024-07-01T00:00:00,D:598,JPY,LA
T:301,4472.07,2006-09-07T00:00:00,D:202,JPY,Chicago
T:302,1332.19,2002-10-28T00:00:00,D:573,EUR,Miami
T:303,967.68,2009-11-23T00:00:00,D:108,GBP,Chicago
T:304,1486.91,2023-02-18T00:00:00,D:365,GBP,LA
T:305,3939.43,2003-03-27T00:00:00,D:382,EUR,Chicago
T:306,71.98,2014-01-16T00:00:00,D:460,USD,Miami
T:307,805.24,2012-01-27T00:00:00,D:514,EUR,LA
T:308,3443.79,2023-03-28T00:00:00,D:501,EUR,Miami
T:309,1060.93,2008-03-09T00:00:00,D:46,JPY,Miami
T:310,4072.31,2017-08-18T00:00:00,D:321,USD,Chicago
T:311,957.87,2009-07-24T00:00:00,D:391,USD,Chicago
T:312,785.92,2001-09-02T00:00:00,D:293,GBP,Chicago
T:313,1160.48,2025-11-28T00:00:00,D:442,EUR,LA
T:314,4916.32,2022-10-09T00:00:00,D:269,EUR,Chicago
T:315,1568.41,2008-10-27T00:00:00,D:476,USD,NYC
T:316,3715.53,2009-10-10T00:00:00,D:12,EUR,Chicago
T:317,982.65,2022-07-22T00:00:00,D:457,GBP,Miami
T:318,4110.36,2017-05-20T00:00:00,D:387,JPY,Miami
T:319,3860.38,2022-08-17T00:00:00,D:538,EUR,Miami
T:320,465.25,2010-06-24T00:00:00,D:46,JPY,Chicago
T:321,1477.56,2023-03-14T00:00:00,D:560,JPY,NYC
T:322,138.33,2007-06-28T00:00:00,D:444,JPY,Chicago
T:323,475.55,2005-03-09T00:00:00,D:336,EUR,Chicago
T:324,1678.76,2012-03-08T00:00:00,D:93,EUR,Chicago
T:325,1928.03,2024-04-02T00:00:00,D:558,USD,NYC
T:326,787.48,2018-01-31T00:00:00,D:63,USD,LA
T:327,4329.05,2020-04-22T00:00:00,D:440,EUR,Chicago
T:328,2042.64,2018-11-29T00:00:00,D:463,JPY,Miami
T:329,3981.18,2025-03-15T00:00:00,D:104,GBP,Miami
T:330,3958.7,2025-11-02T00:00:00,D:355,USD,NYC
T:331,207.94,2006-01-08T00:00:00,D:505,USD,Miami
T:332,3913.01,2003-10-28T00:00:00,D:284,GBP,NYC
T:333,2090.81,2019-02-17T00:00:00,D:157,JPY,NYC
T:334,4819.02,2008-05-09T00:00:00,D:38,EUR,Miami
T:335,1514.34,2016-05-30T00:00:00,D:26,USD,Miami
T:336,1282.0,2014-09-14T00:00:00,D:234,GBP,Chicago
T:337,103.76,2021-04-28T00:00:00,D:125,JPY,LA
T:338,902.24,2012-07-02T00:00:00,D:399,JPY,NYC
T:339,3254.34,2000-09-09T00:00:00,D:457,USD,Chicago
T:340,2070.73,2002-07-06T00:00:00,D:271,GBP,Miami
T:341,1680.46,2007-02-15T00:00:00,D:33,JPY,LA
T:342,583.14,2007-04-06T00:00:00,D:485,USD,Miami
T:343,2267.29,2004-09-19T00:00:00,D:326,JPY,NYC
T:344,3917.64,2009-01-04T00:00:00,D:235,EUR,Miami
T:345,601.48,2015-01-29T00:00:00,D:310,GBP,LA
T:346,417.25,2021-09-12T00:00:00,D:136,EUR,NYC
T:347,1826.5,2021-07-19T00:00:00,D:41,USD,Chicago
T:348,2259.86,2001-04-12T00:00:00,D:399,EUR,LA
T:349,3498.98,2016-02-02T00:00:00,D:32,JPY,NYC
T:350,4118.6,2011-10-31T00:00:00,D:464,JPY,LA
T:351,2507.8,2013-09-13T00:00:00,D:398,USD,Chicago
T:352,1575.95,2006-01-25T00:00:00,D:169,USD,LA
T:353,1067.52,2006-05-21T00:00:00,D:294,GBP,LA
T:354,3897.83,2020-09-29T00:00:00,D:243,GBP,Chicago
T:355,4257.31,2002-12-08T00:00:00,D:387,USD,NYC
T:356,3731.01,2009-10-07T00:00:00,D:199,GBP,Miami
T:357,4591.79,2010-02-16T00:00:00,D:524,USD,LA
T:358,3923.3,2002-02-21T00:00:00,D:531,USD,NYC
T:359,565.91,2004-04-21T00:00:00,D:395,JPY,NYC
T:360,1819.9,2005-06-20T00:00:00,D:95,JPY,Miami
T:361,4273.16,2021-04-13T00:00:00,D:358,JPY,Miami
T:362,2408.82,2023-07-06T00:00:00,D:77,GBP,Chicago
T:363,1845.88,2009-03-05T00:00:00,D:484,EUR,Chicago
T:364,4394.73,2022-08-11T00:00:00,D:504,JPY,Chicago
T:365,3912.0,2016-05-11T00:00:00,D:38,GBP,LA
T:366,1083.98,2012-07-21T00:00:00,D:296,GBP,Miami
T:367,4015.97,2010-02-20T00:00:00,D:373,USD,NYC
T:368,665.2,2006-10-14T00:00:00,D:445,JPY,Chicago
T:369,4312.49,2005-02-19T00:00:00,D:392,GBP,Chicago
T:370,383.54,2019-06-07T00:00:00,D:313,JPY,Chicago
T:371,4932.16,2006-02-20T00:00:00,D:16,JPY,Chicago
T:372,3125.29,2023-07-31T00:00:00,D:17,USD,Chicago
T:373,1023.51,2019-08-05T00:00:00,D:92,EUR,Chicago
T:374,3309.37,2010-06-21T00:00:00,D:168,JPY,Miami
T:375,1070.03,2007-01-05T00:00:00,D:72,JPY,Miami
T:376,3961.44,2019-11-12T00:00:00,D:471,USD,LA
T:377,995.12,2025-03-13T00:00:00,D:121,EUR,NYC
T:378,2980.13,2001-08-24T00:00:00,D:442,GBP,Miami
T:379,1462.27,2025-05-28T00:00:00,D:448,GBP,NYC
T:380,88.99,2003-12-02T00:00:00,D:15,JPY,LA
T:381,753.64,2021-06-07T00:00:00,D:274,EUR,Chicago
T:382,1371.32,2025-05-27T00:00:00,D:357,GBP,Chicago
T:383,4409.41,2006-08-11T00:00:00,D:223,GBP,Miami
T:384,3211.81,2003-05-21T00:00:00,D:32,JPY,Miami
T:385,3081.8,2021-05-21T00:00:00,D:467,USD,Miami
T:386,4928.54,2008-06-22T00:00:00,D:347,GBP,NYC
T:387,2586.21,2013-05-31T00:00:00,D:276,GBP,Miami
T:388,3914.29,2017-04-26T00:00:00,D:464,JPY,NYC
T:389,3054.18,2021-08-08T00:00:00,D:503,GBP,Chicago
T:390,2445.68,2001-09-20T00:00:00,D:36,EUR,NYC
T:391,142.61,2005-03-25T00:00:00,D:286,GBP,Miami
T:392,514.86,2003-05-15T00:00:00,D:186,USD,LA
T:393,110.5,2005-08-20T00:00:00,D:314,EUR,Miami
T:394,1581.62,2016-07-21T00:00:00,D:73,USD,LA
T:395,2749.92,2014-08-07T00:00:00,D:191,GBP,Chicago
T:396,4132.82,2015-10-23T00:00:00,D:517,JPY,LA
T:397,2057.71,2025-05-18T00:00:00,D:378,USD,LA
T:398,2534.52,2011-03-19T00:00:00,D:157,EUR,NYC
T:399,1825.94,2003-11-09T00:00:00,D:33,JPY,Miami
T:400,3991.06,2008-07-01T00:00:00,D:553,JPY,NYC
T:401,2665.39,2021-01-08T00:00:00,D:534,EUR,NYC
T:402,427.18,2008-11-24T00:00:00,D:155,GBP,Miami
T:403,3973.8,2002-08-19T00:00:00,D:442,EUR,Miami
T:404,4237.43,2010-05-30T00:00:00,D:255,GBP,Miami
T:405,1181.65,2009-02-04T00:00:00,D:315,GBP,Chicago
T:406,1700.83,2003-12-24T00:00:00,D:597,EUR,LA
T:407,469.12,2015-10-24T00:00:00,D:162,JPY,NYC
T:408,4979.73,2025-06-28T00:00:00,D:52,USD,LA
T:409,2031.36,2025-10-17T00:00:00,D:114,USD,Miami
T:410,3082.18,2023-05-28T00:00:00,D:569,GBP,LA
T:411,2543.65,2022-02-01T00:00:00,D:190,GBP,Miami
T:412,4364.28,2002-10-25T00:00:00,D:580,USD,LA
T:413,2479.61,2019-01-03T00:00:00,D:495,JPY,NYC
T:414,3613.0,2023-08-07T00:00:00,D:164,GBP,NYC
T:415,2903.76,2009-06-19T00:00:00,D:102,JPY,Chicago
T:416,2061.41,2013-02-15T00:00:00,D:449,EUR,LA
T:417,3495.46,2024-05-17T00:00:00,D:92,GBP,Miami
T:418,206.86,2013-03-25T00:00:00,D:69,EUR,Miami
T:419,3129.36,2015-04-23T00:00:00,D:261,GBP,Chicago
T:420,2577.62,2000-08-13T00:00:00,D:590,USD,LA
T:421,2102.69,2001-01-07T00:00:00,D:161,USD,LA
T:422,4764.81,2017-12-14T00:00:00,D:372,GBP,Chicago
T:423,1043.31,2019-03-28T00:00:00,D:111,USD,LA
T:424,4012.63,2010-04-04T00:00:00,D:327,GBP,Chicago
T:425,2479.03,2008-09-23T00:00:00,D:337,USD,Miami
T:426,798.14,2008-12-08T00:00:00,D:330,EUR,Miami
T:427,898.39,2001-09-19T00:00:00,D:55,JPY,LA
T:428,2752.58,2007-06-06T00:00:00,D:242,EUR,Miami
T:429,4418.55,2011-01-22T00:00:00,D:58,USD,Chicago
T:430,941.91,2006-10-23T00:00:00,D:227,JPY,NYC
T:431,2971.44,2022-07-17T00:00:00,D:90,JPY,Chicago
T:432,4016.82,2000-06-18T00:00:00,D:481,GBP,Chicago
T:433,3147.58,2022-02-22T00:00:00,D:443,EUR,LA
T:434,2533.53,2003-06-20T00:00:00,D:155,GBP,Chicago
T:435,4964.34,2008-11-02T00:00:00,D:401,JPY,Chicago
T:436,733.72,2016-10-16T00:00:00,D:106,USD,LA
T:437,724.51,2019-04-27T00:00:00,D:428,JPY,NYC
T:438,931.02,2004-01-05T00:00:00,D:286,JPY,Chicago
T:439,2946.38,2013-09-20T00:00:00,D:381,JPY,Chicago
T:440,3827.69,2010-07-25T00:00:00,D:265,JPY,Miami
T:441,1416.39,2018-07-05T00:00:00,D:399,JPY,Chicago
T:442,3168.64,2002-10-24T00:00:00,D:14,GBP,Chicago
T:443,4431.55,2018-08-23T00:00:00,D:84,JPY,Miami
T:444,2004.82,2007-10-01T00:00:00,D:416,GBP,Miami
T:445,4321.14,2016-11-25T00:00:00,D:23,JPY,LA
T:446,1093.45,2002-11-26T00:00:00,D:61,EUR,LA
T:447,4078.61,2006-11-29T00:00:00,D:69,GBP,Miami
T:448,3023.65,2023-10-06T00:00:00,D:184,EUR,Miami
T:449,956.41,2022-06-05T00:00:00,D:467,USD,NYC
T:450,599.41,2022-08-22T00:00:00,D:111,EUR,NYC
T:451,1744.98,2000-03-16T00:00:00,D:448,EUR,Chicago
T:452,2791.92,2003-10-03T00:00:00,D:331,USD,LA
T:453,4855.89,2004-03-25T00:00:00,D:380,GBP,NYC
T:454,3122.3,2013-11-07T00:00:00,D:271,JPY,Miami
T:455,3038.29,2000-03-31T00:00:00,D:40,USD,Chicago
T:456,1598.49,2000-09-07T00:00:00,D:446,JPY,LA
T:457,292.81,2008-12-20T00:00:00,D:224,JPY,Chicago
T:458,1178.28,2005-02-28T00:00:00,D:93,JPY,LA
T:459,2814.99,2004-08-29T00:00:00,D:477,EUR,Chicago
T:460,3583.35,2024-08-16T00:00:00,D:277,JPY,NYC
T:461,734.8,2020-04-14T00:00:00,D:53,EUR,NYC
T:462,4511.23,2008-09-03T00:00:00,D:260,USD,NYC
T:463,1426.42,2021-07-27T00:00:00,D:465,GBP,Miami
T:464,3425.05,2017-05-13T00:00:00,D:321,USD,NYC
T:465,3074.7,2023-06-28T00:00:00,D:562,EUR,NYC
T:466,3099.66,2020-03-02T00:00:00,D:222,EUR,Chicago
T:467,4860.51,2004-09-30T00:00:00,D:162,EUR,NYC
T:468,2788.62,2015-04-03T00:00:00,D:437,GBP,Chicago
T:469,1542.28,2021-02-15T00:00:00,D:277,EUR,Chicago
T:470,3193.64,2003-08-11T00:00:00,D:170,JPY,Miami
T:471,2637.46,2021-12-29T00:00:00,D:201,USD,NYC
T:472,3779.62,2003-07-21T00:00:00,D:579,JPY,Miami
T:473,4359.8,2025-09-02T00:00:00,D:337,GBP,LA
T:474,2421.1,2008-04-06T00:00:00,D:540,GBP,LA
T:475,2360.96,2005-10-26T00:00:00,D:34,USD,Miami
T:476,4403.02,2008-11-28T00:00:00,D:231,USD,NYC
T:477,4636.59,2005-07-31T00:00:00,D:521,EUR,NYC
T:478,2205.32,2012-08-10T00:00:00,D:298,EUR,NYC
T:479,2071.31,2021-08-04T00:00:00,D:496,EUR,LA
T:480,87.68,2003-01-06T00:00:00,D:432,EUR,Chicago
T:481,4973.72,2019-04-08T00:00:00,D:31,JPY,LA
T:482,694.19,2012-05-09T00:00:00,D:270,USD,Miami
T:483,1778.36,2025-04-01T00:00:00,D:387,EUR,Miami
T:484,3384.8,2025-11-21T00:00:00,D:172,GBP,LA
T:485,1531.16,2014-01-17T00:00:00,D:167,USD,LA
T:486,4713.26,2001-11-03T00:00:00,D:317,JPY,LA
T:487,3710.68,2014-04-29T00:00:00,D:417,GBP,Miami
T:488,2253.38,2005-09-13T00:00:00,D:507,JPY,Miami
T:489,4613.21,2012-09-10T00:00:00,D:447,JPY,Miami
T:490,3051.08,2011-02-25T00:00:00,D:92,JPY,Miami
T:491,4124.19,2007-12-02T00:00:00,D:594,JPY,LA
T:492,1673.97,2011-07-26T00:00:00,D:551,JPY,NYC
T:493,1134.76,2010-07-04T00:00:00,D:17,GBP,LA
T:494,1747.36,2024-07-07T00:00:00,D:318,JPY,LA
T:495,3410.05,2006-05-06T00:00:00,D:146,USD,NYC
T:496,1971.82,2011-08-10T00:00:00,D:403,JPY,Chicago
T:497,1565.58,2011-08-09T00:00:00,D:598,GBP,Chicago
T:498,969.13,2017-10-25T00:00:00,D:37,EUR,Miami
T:499,2841.92,2016-09-03T00:00:00,D:499,USD,Chicago
T:500,704.84,2018-10-02T00:00:00,D:385,JPY,Miami
T:501,1110.02,2011-11-15T00:00:00,D:160,EUR,Chicago
T:502,1605.03,2006-09-15T00:00:00,D:9,GBP,NYC
T:503,882.71,2006-01-02T00:00:00,D:481,USD,NYC
T:504,108.68,2004-01-27T00:00:00,D:215,GBP,NYC
T:505,3611.99,2021-06-27T00:00:00,D:367,EUR,Chicago
T:506,2915.77,2025-04-30T00:00:00,D:361,USD,Miami
T:507,935.53,2008-08-30T00:00:00,D:61,GBP,LA
T:508,3105.06,2022-03-16T00:00:00,D:452,EUR,Miami
T:509,4311.65,2009-12-19T00:00:00,D:102,USD,Miami
T:510,4025.11,2002-11-15T00:00:00,D:325,GBP,NYC
T:511,1768.65,2012-07-26T00:00:00,D:410,JPY,Chicago
T:512,4281.07,2023-06-16T00:00:00,D:461,USD,Chicago
T:513,2850.12,2011-11-09T00:00:00,D:220,EUR,Miami
T:514,618.11,2020-09-08T00:00:00,D:367,JPY,LA
T:515,2238.81,2016-08-05T00:00:00,D:583,GBP,Chicago
T:516,4798.32,2001-01-15T00:00:00,D:408,GBP,Miami
T:517,4319.78,2025-07-05T00:00:00,D:490,JPY,Chicago
T:518,2835.11,2010-06-12T00:00:00,D:39,JPY,LA
T:519,131.94,2003-12-30T00:00:00,D:123,JPY,NYC
T:520,1712.0,2010-05-17T00:00:00,D:55,GBP,LA
T:521,34.89,2011-11-12T00:00:00,D:557,JPY,Miami
T:522,894.72,2015-10-22T00:00:00,D:127,JPY,NYC
T:523,4049.16,2005-10-09T00:00:00,D:62,GBP,NYC
T:524,3138.25,2022-12-22T00:00:00,D:248,GBP,NYC
T:525,1741.62,2012-03-19T00:00:00,D:536,USD,Chicago
T:526,1720.38,2010-07-05T00:00:00,D:280,EUR,NYC
T:527,1798.64,2007-11-05T00:00:00,D:97,GBP,NYC
T:528,2337.37,2005-11-06T00:00:00,D:400,JPY,NYC
T:529,170.26,2002-05-12T00:00:00,D:67,GBP,Chicago
T:530,3917.89,2018-04-04T00:00:00,D:436,JPY,LA
T:531,4924.48,2010-01-17T00:00:00,D:320,GBP,Chicago
T:532,2715.79,2020-07-02T00:00:00,D:498,USD,Miami
T:533,1663.44,2006-03-20T00:00:00,D:253,GBP,NYC
T:534,1895.68,2024-09-05T00:00:00,D:286,USD,Chicago
T:535,4536.2,2020-08-26T00:00:00,D:509,EUR,NYC
T:536,1857.92,2023-01-30T00:00:00,D:577,GBP,NYC
T:537,510.08,2000-08-20T00:00:00,D:523,EUR,Chicago
T:538,2990.79,2006-02-01T00:00:00,D:160,JPY,Miami
T:539,4681.01,2022-10-20T00:00:00,D:537,GBP,Miami
T:540,3058.19,2017-08-10T00:00:00,D:358,USD,LA
T:541,4759.22,2024-12-20T00:00:00,D:235,JPY,NYC
T:542,1846.76,2021-09-09T00:00:00,D:224,GBP,Chicago
T:543,469.33,2011-03-20T00:00:00,D:477,JPY,LA
T:544,488.54,2015-11-09T00:00:00,D:158,EUR,NYC
T:545,4914.83,2002-06-14T00:00:00,D:114,USD,Miami
T:546,2568.68,2003-09-12T00:00:00,D:526,JPY,LA
T:547,2925.78,2002-05-22T00:00:00,D:10,JPY,Chicago
T:548,998.23,2009-01-31T00:00:00,D:550,EUR,Chicago
T:549,2889.53,2002-11-04T00:00:00,D:483,EUR,LA
T:550,101.44,2022-04-17T00:00:00,D:600,JPY,Miami
T:551,4750.44,2006-02-19T00:00:00,D:12,GBP,Chicago
T:552,1776.89,2024-01-19T00:00:00,D:116,EUR,Miami
T:553,4648.41,2018-10-05T00:00:00,D:370,JPY,NYC
T:554,2557.73,2025-01-23T00:00:00,D:593,USD,LA
T:555,682.01,2006-05-17T00:00:00,D:165,GBP,Miami
T:556,1189.95,2000-02-15T00:00:00,D:582,GBP,Chicago
T:557,685.28,2025-01-11T00:00:00,D:255,USD,NYC
T:558,2612.55,2001-09-19T00:00:00,D:234,USD,LA
T:559,3217.22,2009-08-14T00:00:00,D:412,JPY,Chicago
T:560,1399.23,2010-10-21T00:00:00,D:192,GBP,LA
T:561,2162.4,2018-01-02T00:00:00,D:525,USD,LA
T:562,1186.06,2022-11-22T00:00:00,D:597,EUR,LA
T:563,2410.21,2023-11-26T00:00:00,D:74,USD,NYC
T:564,4098.37,2003-10-02T00:00:00,D:490,USD,LA
T:565,2339.9,2007-07-19T00:00:00,D:331,EUR,Chicago
T:566,652.78,2023-11-26T00:00:00,D:550,USD,Miami
T:567,3618.39,2016-07-19T00:00:00,D:189,USD,Miami
T:568,1312.14,2009-10-11T00:00:00,D:543,USD,Miami
T:569,236.95,2008-08-24T00:00:00,D:540,JPY,LA
T:570,2913.06,2023-08-17T00:00:00,D:6,JPY,Chicago
T:571,1599.5,2009-10-28T00:00:00,D:456,EUR,Chicago
T:572,3981.04,2006-12-12T00:00:00,D:425,USD,LA
T:573,4541.53,2013-01-21T00:00:00,D:112,GBP,Miami
T:574,775.11,2008-05-29T00:00:00,D:33,JPY,Chicago
T:575,790.42,2014-07-26T00:00:00,D:138,JPY,Chicago
T:576,3911.25,2009-01-01T00:00:00,D:213,GBP,Chicago
T:577,1742.1,2013-07-30T00:00:00,D:470,EUR,Chicago
T:578,3599.8,2010-04-29T00:00:00,D:406,USD,LA
T:579,3557.74,2001-10-30T00:00:00,D:503,GBP,Miami
T:580,2433.46,2003-08-22T00:00:00,D:210,JPY,Chicago
T:581,3240.04,2010-06-24T00:00:00,D:573,USD,NYC
T:582,4942.72,2007-01-19T00:00:00,D:304,JPY,NYC
T:583,4221.56,2001-03-21T00:00:00,D:507,JPY,Miami
T:584,2851.79,2009-05-20T00:00:00,D:74,JPY,Chicago
T:585,2016.78,2022-02-28T00:00:00,D:69,GBP,NYC
T:586,66.65,2001-04-07T00:00:00,D:467,USD,LA
T:587,4714.84,2003-01-28T00:00:00,D:102,EUR,NYC
T:588,2860.77,2017-11-28T00:00:00,D:195,USD,NYC
T:589,2992.93,2012-08-30T00:00:00,D:264,JPY,NYC
T:590,19.62,2020-06-09T00:00:00,D:326,GBP,Miami
T:591,3159.75,2023-09-12T00:00:00,D:559,JPY,NYC
T:592,3800.79,2005-02-22T00:00:00,D:137,GBP,Miami
T:593,2134.98,2011-08-07T00:00:00,D:174,USD,NYC
T:594,4550.84,2011-04-22T00:00:00,D:597,GBP,NYC
T:595,4220.3,2025-08-25T00:00:00,D:106,USD,LA
T:596,4738.89,2000-04-07T00:00:00,D:114,USD,LA
T:597,3211.13,2000-11-16T00:00:00,D:87,GBP,NYC
T:598,4473.47,2009-09-19T00:00:00,D:506,JPY,LA
T:599,2041.59,2025-02-17T00:00:00,D:441,EUR,LA
T:600,2253.65,2025-10-07T00:00:00,D:202,JPY,Miami
